id;titre;description;date_publication
1;Gloves PNG sexy;Associate Facilitator;Borders ADP Bedfordshire
2;initiative Buckinghamshire;projection;deposit
3;bifurcated Salad invoice;program orchid users;deposit Plastic
4;French Guiana synergistic Nauru;hard drive;Sports Unbranded Metal Car
5;Borders Maryland protocol;Producer;Brand
6;supply-chains;Michigan EXE Awesome;Analyst bypassing
7;Mountains;Awesome Rubber Sausages;coherent
8;Expanded Assistant;Dynamic;Group XML Dynamic
9;Principal transmitter Planner;Garden;customized content-based
10;Fantastic system engine;ivory COM;Uzbekistan Sum Bedfordshire
