id;nom;prenom;email;region;type_service;description_requete
1;Lead Administrator;Cotton connecting Kenyan Shilling;Myra.Stracke@yahoo.com;synthesizing;payment fault-tolerant Cambridgeshire;payment
2;Jordan Handmade Rubber Car Principal;matrices Product Bedfordshire;Vilma_Kunde56@hotmail.com;copying Games;withdrawal;Wooden
3;Ball blue open architecture;Regional;Cordia.Buckridge2@gmail.com;Incredible overriding;Team-oriented homogeneous Director;reinvent alarm Handcrafted
4;Customer Ukraine full-range;Credit Card Account robust;Alex.Hayes77@yahoo.com;Land silver Architect;South Georgia and the South Sandwich Islands;SDD disintermediate Multi-lateral
5;Ergonomic Response;haptic Tuna Shoes;Leilani28@hotmail.com;hacking Fully-configurable backing up;Inverse navigate;Identity
6;Investment Account Money Market Account;Credit Card Account radical Awesome;Dell_Marvin11@yahoo.com;Technician;Assimilated dynamic Bike;systems
7;Syrian Pound;neutral;Rafael.Hudson31@yahoo.com;hack;Fresh quantifying user-centric;Intelligent Antarctica (the territory South of 60 deg S)
8;Music Timor-Leste;back-end Clothing Cordoba Oro;Maurine94@yahoo.com;Gloves Regional;matrix Clothing Personal Loan Account;SCSI parsing
9;Borders Mountain;program Fresh;Duncan_Murazik78@yahoo.com;Pre-emptive back-end background;needs-based Configuration Intranet;strategize Maine Nevada
10;efficient Implementation;RAM Brooks analyzing;Keara.Swaniawski@yahoo.com;Lilangeni Outdoors;vortals Buckinghamshire Rwanda Franc;Salad
