id;type;description;image
1;SAS payment bandwidth;purple Future-proofed Dynamic;Savings Account Advanced overriding
2;Borders Buckinghamshire next generation;Steel;Borders
3;Lead Shoes innovative;Bedfordshire Bike;bypassing
4;XSS mint green bandwidth;ADP Optimization HTTP;Salad SAS
5;bypassing;Intelligent Metal;Checking Account sky blue Beauty
6;Directives;PNG Puerto Rico;redundant
7;Avon Small Forks;Mouse;Computers
8;Sleek;bluetooth Mauritius front-end;Pants Customer Wooden
9;Fresh;Configuration Consultant;lime deposit transmitting
10;Chief Awesome Baby;GB Summit;functionalities e-commerce Auto Loan Account
